<?xml version="1.0" encoding="UTF-8" standalone="yes" ?><cp:coreProperties xmlns:cp="http://schemas.openxmlformats.org/package/2006/metadata/core-properties" xmlns:dc="http://purl.org/dc/elements/1.1/" xmlns:dcmitype="http://purl.org/dc/dcmitype/" xmlns:dcterms="http://purl.org/dc/terms/" xmlns:xsi="http://www.w3.org/2001/XMLSchema-instance"><cp:category>model</cp:category><dcterms:created xsi:type="dcterms:W3CDTF">2020-08-26T09:09:26Z</dcterms:created><dc:creator>root</dc:creator><cp:lastModifiedBy>root</cp:lastModifiedBy><dcterms:modified xsi:type="dcterms:W3CDTF">2020-09-16T13:17:17Z</dcterms:modified><cp:revision>1.335</cp:revision><cp:version>R2018b</cp:version></cp:coreProperties>