<?xml version="1.0" encoding="UTF-8"?>
<sltp_editor version="1.1" packageUris="http://schema.mathworks.com/mf0/DiagramEditor/19700101 http://schema.mathworks.com/mf0/SltpSyntax/R2018b_201805311549">
  <sltp.mm.syntax.Graph type="sltp.mm.syntax.Graph" uuid="2f738913-0e3b-41e7-a660-f9f3e0d48c69">
    <children type="sltp.mm.syntax.Node" uuid="441b2f87-28c8-4e9a-b346-4d959f9c9100">
      <priority>40</priority>
      <rates type="sltp.mm.syntax.RateData">
        <color>#000000</color>
        <rate>0</rate>
      </rates>
      <title>Cont</title>
      <type>base</type>
      <diagramElement type="diagram.editor.model.Entity" uuid="c61d50c6-40ec-4a9a-afee-559948e2362a"/>
      <subgraph type="sltp.mm.syntax.Graph" uuid="ab34fb0e-a6c6-4642-9132-dc0fee45655e">
        <title>Cont</title>
        <diagramElement type="diagram.editor.model.Diagram" uuid="fb3492e7-3e0a-4076-98c3-8bae6cb45e0f"/>
      </subgraph>
    </children>
    <title>Default</title>
    <diagramElement type="diagram.editor.model.Diagram" uuid="a6ee5a8d-5254-43d5-ad56-4362163fba46"/>
  </sltp.mm.syntax.Graph>
  <diagram.editor.model.Diagram type="diagram.editor.model.Diagram" uuid="a6ee5a8d-5254-43d5-ad56-4362163fba46">
    <entities type="diagram.editor.model.Entity" uuid="c61d50c6-40ec-4a9a-afee-559948e2362a">
      <position type="diagram.editor.model.Point"/>
      <size type="diagram.editor.model.Rect">
        <height>100</height>
        <width>100</width>
      </size>
      <syntaxElement type="sltp.mm.syntax.Node" uuid="441b2f87-28c8-4e9a-b346-4d959f9c9100"/>
      <title>Cont</title>
      <type>base</type>
      <subDiagram type="diagram.editor.model.Diagram" uuid="fb3492e7-3e0a-4076-98c3-8bae6cb45e0f">
        <position type="diagram.editor.model.Point"/>
        <size empty="true"/>
        <syntaxElement type="sltp.mm.syntax.Graph" uuid="ab34fb0e-a6c6-4642-9132-dc0fee45655e"/>
        <title>Cont</title>
        <type>graph.Graph</type>
      </subDiagram>
    </entities>
    <position empty="true"/>
    <size empty="true"/>
    <syntaxElement type="sltp.mm.syntax.Graph" uuid="2f738913-0e3b-41e7-a660-f9f3e0d48c69"/>
    <title>Default</title>
    <type>graph.Graph</type>
  </diagram.editor.model.Diagram>
</sltp_editor>