<?xml version="1.0" encoding="UTF-8"?>
<sltp_graph version="1.1" packageUris="http://schema.mathworks.com/mf0/sltp_mm/R2018b_201805251631">
  <sltp.mm.core.Context type="sltp.mm.core.Context" uuid="f9e19e9c-1292-49dc-9263-ce61e7a64bc8">
    <priorityDirection>HighNumberLast</priorityDirection>
    <tasks type="sltp.mm.core.Task" uuid="c00be8a0-dc9e-4c73-affb-7e88dafefe53"/>
    <tasks type="sltp.mm.core.Task" uuid="64280d93-0fc9-44e3-8479-578a678a9015"/>
    <rootTask type="sltp.mm.core.Task" uuid="c00be8a0-dc9e-4c73-affb-7e88dafefe53">
      <context type="sltp.mm.core.Context" uuid="f9e19e9c-1292-49dc-9263-ce61e7a64bc8"/>
      <explicit>false</explicit>
      <name>Default</name>
      <priority>-2147483648</priority>
      <subgraph type="sltp.mm.core.Graph" uuid="8f121df5-1cea-4ffa-a972-13ecd9c3c1c2">
        <tasks type="sltp.mm.core.Task" uuid="64280d93-0fc9-44e3-8479-578a678a9015">
          <baseTask>true</baseTask>
          <context type="sltp.mm.core.Context" uuid="f9e19e9c-1292-49dc-9263-ce61e7a64bc8"/>
          <explicit>false</explicit>
          <id>1</id>
          <name>Cont</name>
          <priority>40</priority>
          <rates type="sltp.mm.core.Rate" uuid="4c012298-5618-407e-a7e2-6fe6cb3cba58">
            <color>255</color>
            <rateSpec type="sltp.mm.core.RateSpec">
              <period>0</period>
            </rateSpec>
            <sti>-1</sti>
          </rates>
        </tasks>
      </subgraph>
    </rootTask>
  </sltp.mm.core.Context>
</sltp_graph>